id;nombre;correo;pais
1;a Guantes Cantabria;Valenciana Namibia;Blanco Metal Asistente
2;Mesa;Bricolaje;Amarillo Deportes
3;Amarillo Bernardo;Cliente;Heredado Increible Contabilidad
4;motivadora;Morado Seguro Cataluña;Heredado Cliente Atún
5;Administrador;Sopa;Escalinata Ejecutivo
6;cliente Parafarmacia;Sopa Papelería;Inteligente Negro Lilia
7;óptima Amarillo Bacon;Aldea Morado Ladrillo;encriptar iniciativa Extendido
8;Informática Nacional Administrador;Ensalada Interacciones Desarrollador;Pizza
9;Blanco Metal;Metal Música;Sopa
10;Verde medición;Director Canarias Galicia;software Marca Funcionario
